cluster,neuron,feature,category,category_fine,iou,feature_length,w_entail,w_neutral,w_contra
3,0,((((hyp:tok:alone OR hyp:tok:sleeping) OR hyp:tok:cat) OR hyp:tok:nobody) OR hyp:tok:nothing),((((hyp OR hyp) OR hyp) OR hyp) OR hyp),((((hyp:tok OR hyp:tok) OR hyp:tok) OR hyp:tok) OR hyp:tok),0.12943262411347517,5,-0.035779174,-0.0014289757,0.023023432
3,1,pre:tok:in,pre,pre:tok,0.0,1,0.0047763498,0.0021374722,0.014035168
3,2,pre:tok:in,pre,pre:tok,0.0,1,-0.028240746,-0.018325444,-0.01801046
3,3,pre:tok:in,pre,pre:tok,0.0,1,0.0005738688,-0.0071000154,0.013591588
3,4,pre:tok:in,pre,pre:tok,0.0,1,-0.03327432,0.009516349,0.005223358
3,5,pre:tok:in,pre,pre:tok,0.0,1,-0.01811511,0.01101393,0.029370204
3,6,((((hyp:tok:halloween OR hyp:tok:tall) OR hyp:tok:very) OR pre:tok:necklace) OR pre:tok:below),((((hyp OR hyp) OR hyp) OR pre) OR pre),((((hyp:tok OR hyp:tok) OR hyp:tok) OR pre:tok) OR pre:tok),0.12237762237762238,5,-0.090119705,-0.08406066,0.11777007
3,7,pre:tok:in,pre,pre:tok,0.0,1,-0.017232083,-0.0118125025,0.0006597078
3,8,((((NOT pre:tok:for) AND (hyp:tok:for OR hyp:tok:tall)) AND (NOT pre:tok:at)) OR hyp:tok:brother),((((NOT pre) AND (hyp OR hyp)) AND (NOT pre)) OR hyp),((((NOT pre:tok) AND (hyp:tok OR hyp:tok)) AND (NOT pre:tok)) OR hyp:tok),0.1495176848874598,7,-0.035472307,-0.13315262,0.1848522
3,9,pre:tok:in,pre,pre:tok,0.0,1,-0.015833614,0.0036869862,-0.023049906
3,10,pre:tok:in,pre,pre:tok,0.0,1,0.026105339,0.008309716,-0.005927887
3,11,pre:tok:in,pre,pre:tok,0.0,1,-0.039270308,0.0039053678,-0.08502867
3,12,pre:tok:in,pre,pre:tok,0.0,1,-0.016700156,-0.035345044,-0.011467676
3,13,pre:tok:in,pre,pre:tok,0.0,1,0.00069109304,-0.022033479,-0.039120488
3,14,pre:tok:in,pre,pre:tok,0.0,1,0.015123305,0.0017837533,-0.029876685
3,15,pre:tok:in,pre,pre:tok,0.0,1,-0.060382344,-0.10362654,0.10104731
3,16,((((hyp:tok:outside OR hyp:tok:to) OR hyp:tok:outdoors) OR hyp:tok:for) OR hyp:tok:some),((((hyp OR hyp) OR hyp) OR hyp) OR hyp),((((hyp:tok OR hyp:tok) OR hyp:tok) OR hyp:tok) OR hyp:tok),0.19038748137108794,5,0.028166018,0.04008492,-0.087627016
3,17,((((NOT oth:overlap:overlap25) AND (hyp:tok:funny OR hyp:tok:painting)) OR pre:tok:repair) AND (NOT hyp:tok:man)),((((NOT oth) AND (hyp OR hyp)) OR pre) AND (NOT hyp)),((((NOT oth:overlap) AND (hyp:tok OR hyp:tok)) OR pre:tok) AND (NOT hyp:tok)),0.10576923076923077,7,0.07719959,-0.12689021,0.09069898
3,18,pre:tok:in,pre,pre:tok,0.0,1,-0.019470567,0.000523566,0.009931134
3,19,pre:tok:in,pre,pre:tok,0.0,1,-0.18996806,0.10848312,0.057366677
3,20,pre:tok:in,pre,pre:tok,0.0,1,-0.047685917,0.014887502,-0.0166224
3,21,pre:tok:in,pre,pre:tok,0.0,1,-0.1627084,-0.016518364,-0.0071499716
3,22,pre:tok:in,pre,pre:tok,0.0,1,-0.07004292,-0.08957374,0.079951
3,23,pre:tok:in,pre,pre:tok,0.0,1,-0.037423514,0.0160841,-0.034062244
3,24,pre:tok:in,pre,pre:tok,0.0,1,-0.015223513,-0.0063256756,-0.005850327
3,25,pre:tok:in,pre,pre:tok,0.0,1,-0.02679691,0.03867717,-0.004318475
3,26,pre:tok:in,pre,pre:tok,0.0,1,-0.003588027,-0.0051038344,-0.02752106
3,27,pre:tok:in,pre,pre:tok,0.0,1,-0.0054546325,0.0051491684,-0.0055750064
3,28,pre:tok:in,pre,pre:tok,0.0,1,0.061547585,-0.04805879,-0.075675696
3,29,pre:tok:in,pre,pre:tok,0.0,1,-0.016837265,0.0015504936,-0.005478695
3,30,pre:tok:in,pre,pre:tok,0.0,1,0.013579237,0.008185605,0.01947304
3,31,pre:tok:in,pre,pre:tok,0.0,1,-0.1797472,0.06937472,-0.016328419
3,32,pre:tok:in,pre,pre:tok,0.0,1,-0.017203592,-0.017362177,0.014315569
3,33,pre:tok:in,pre,pre:tok,0.0,1,-0.02569689,-0.020733181,-0.014042376
3,34,pre:tok:in,pre,pre:tok,0.0,1,-0.04518038,0.027971389,-0.00947782
3,35,pre:tok:in,pre,pre:tok,0.0,1,-0.062931135,-0.008127816,0.048144564
3,36,pre:tok:in,pre,pre:tok,0.0,1,-0.08270176,0.0022155656,0.0072359904
3,37,((((hyp:tok:human OR hyp:tok:nobody) OR hyp:tok:sleeps) OR pre:tok:country) OR pre:tok:ski),((((hyp OR hyp) OR hyp) OR pre) OR pre),((((hyp:tok OR hyp:tok) OR hyp:tok) OR pre:tok) OR pre:tok),0.1016949152542373,5,-0.100536324,0.15921153,-0.17470622
3,38,pre:tok:in,pre,pre:tok,0.0,1,0.03186195,0.0831168,-0.11373317
3,39,pre:tok:in,pre,pre:tok,0.0,1,-0.21229807,-0.04585635,0.07508938
3,40,pre:tok:in,pre,pre:tok,0.0,1,-0.031893756,0.12386011,-0.18339248
3,41,pre:tok:in,pre,pre:tok,0.0,1,-0.030881837,0.09923954,-0.071643
3,42,pre:tok:in,pre,pre:tok,0.0,1,-0.0020226776,-0.065245084,0.0029773572
3,43,pre:tok:in,pre,pre:tok,0.0,1,0.05056345,0.037032012,-0.08811786
3,44,pre:tok:in,pre,pre:tok,0.0,1,0.006612241,-0.06660918,-0.064696595
3,45,pre:tok:in,pre,pre:tok,0.0,1,-0.14529324,-0.013526352,0.014323733
3,46,pre:tok:in,pre,pre:tok,0.0,1,-0.019136123,-0.0040056366,0.011697231
3,47,pre:tok:in,pre,pre:tok,0.0,1,0.0138225835,0.018448532,0.0113480715
3,48,pre:tok:in,pre,pre:tok,0.0,1,0.013414908,-0.04464621,-0.036819622
3,49,pre:tok:in,pre,pre:tok,0.0,1,-0.052856423,-0.024655763,-0.02181511
3,50,pre:tok:in,pre,pre:tok,0.0,1,-0.09474112,-0.017138923,-0.0077227647
3,51,pre:tok:in,pre,pre:tok,0.0,1,0.01562371,0.026281003,0.013415666
3,52,((((pre:tok:eyes OR pre:tok:weather) OR hyp:tok:pot) OR hyp:tok:playground) AND (NOT pre:tok:man)),((((pre OR pre) OR hyp) OR hyp) AND (NOT pre)),((((pre:tok OR pre:tok) OR hyp:tok) OR hyp:tok) AND (NOT pre:tok)),0.096,6,-0.034814794,-0.16231164,0.18398356
3,53,pre:tok:in,pre,pre:tok,0.0,1,0.013514537,0.012803634,0.019345026
3,54,pre:tok:in,pre,pre:tok,0.0,1,-0.08550019,0.017264206,-0.07033782
3,55,pre:tok:in,pre,pre:tok,0.0,1,0.00833922,0.020001516,-0.030236812
3,56,pre:tok:in,pre,pre:tok,0.0,1,0.0026214418,-0.0085015455,-0.008195789
3,57,pre:tok:in,pre,pre:tok,0.0,1,-0.010113196,0.0026206197,-0.015361326
3,58,pre:tok:in,pre,pre:tok,0.0,1,0.025987085,-0.055569272,0.015964221
3,59,pre:tok:in,pre,pre:tok,0.0,1,-0.024317358,-0.11322057,0.09944737
3,60,pre:tok:in,pre,pre:tok,0.0,1,0.006267746,0.032048497,-0.010155706
3,61,pre:tok:in,pre,pre:tok,0.0,1,-0.008982418,0.047384717,-0.22268963
3,62,pre:tok:in,pre,pre:tok,0.0,1,0.03103753,-0.024496555,-0.025770273
3,63,pre:tok:in,pre,pre:tok,0.0,1,-0.0033419607,0.05013336,-0.138262
3,64,pre:tok:in,pre,pre:tok,0.0,1,0.00252681,0.00079259474,0.0026084005
3,65,((((hyp:tok:bike AND hyp:tok:is) OR pre:tok:pointed) OR pre:tok:sledgehammer) AND (NOT oth:overlap:overlap50)),((((hyp AND hyp) OR pre) OR pre) AND (NOT oth)),((((hyp:tok AND hyp:tok) OR pre:tok) OR pre:tok) AND (NOT oth:overlap)),0.13559322033898305,6,-0.15175971,-0.14582239,0.19208884
3,66,pre:tok:in,pre,pre:tok,0.0,1,0.033789285,-0.03808392,-0.018338058
3,67,pre:tok:in,pre,pre:tok,0.0,1,-0.13925813,0.077171996,-0.028596435
3,68,pre:tok:in,pre,pre:tok,0.0,1,-0.00761154,0.0026542458,0.018082611
3,69,pre:tok:in,pre,pre:tok,0.0,1,-0.007861247,0.0061739935,0.0059137563
3,70,pre:tok:in,pre,pre:tok,0.0,1,-0.12569928,-0.06507328,0.10521924
3,71,(((((NOT oth:overlap:overlap50) AND hyp:tok:in) OR hyp:tok:cat) OR hyp:tok:driving) OR hyp:tok:nobody),(((((NOT oth) AND hyp) OR hyp) OR hyp) OR hyp),(((((NOT oth:overlap) AND hyp:tok) OR hyp:tok) OR hyp:tok) OR hyp:tok),0.08188585607940446,6,0.057483662,-0.11294839,0.050584204
3,72,pre:tok:in,pre,pre:tok,0.0,1,-0.16719992,0.03837185,0.008056901
3,73,pre:tok:in,pre,pre:tok,0.0,1,-0.05500901,0.06297529,-0.14853965
3,74,pre:tok:in,pre,pre:tok,0.0,1,-0.011482277,0.0011194352,0.0120803835
3,75,pre:tok:in,pre,pre:tok,0.0,1,-0.0262356,0.0064998884,-0.0030897802
3,76,pre:tok:in,pre,pre:tok,0.0,1,-0.06940618,0.09365878,-0.044666465
3,77,pre:tok:in,pre,pre:tok,0.0,1,-0.05444383,0.061116513,-0.12865442
3,78,pre:tok:in,pre,pre:tok,0.0,1,0.01182707,0.01418951,-0.07326577
3,79,pre:tok:in,pre,pre:tok,0.0,1,-0.042171866,0.029642066,0.0040113684
3,80,pre:tok:in,pre,pre:tok,0.0,1,-0.104470074,-0.0015485637,0.024704978
3,81,pre:tok:in,pre,pre:tok,0.0,1,-0.0004845808,-0.0026556302,-0.06320808
3,82,pre:tok:in,pre,pre:tok,0.0,1,-0.0006962838,0.037043694,-0.0047402196
3,83,((((hyp:tok:sings OR pre:tok:mall) OR pre:tok:blows) AND hyp:tok:woman) OR pre:tok:hug),((((hyp OR pre) OR pre) AND hyp) OR pre),((((hyp:tok OR pre:tok) OR pre:tok) AND hyp:tok) OR pre:tok),0.11428571428571428,5,0.087560385,-0.057474703,-0.096983805
3,84,pre:tok:in,pre,pre:tok,0.0,1,-0.046179634,0.024165891,-0.031279296
3,85,pre:tok:in,pre,pre:tok,0.0,1,0.023259575,-0.030805374,-0.052702468
3,86,pre:tok:in,pre,pre:tok,0.0,1,0.0035632672,0.04210375,-0.09477115
3,87,pre:tok:in,pre,pre:tok,0.0,1,-0.082339786,0.05358324,-0.037207276
3,88,pre:tok:in,pre,pre:tok,0.0,1,-0.039959464,0.011520041,0.006039225
3,89,((((hyp:tok:for OR hyp:tok:tall) OR hyp:tok:concert) AND (NOT oth:overlap:overlap50)) OR hyp:tok:funny),((((hyp OR hyp) OR hyp) AND (NOT oth)) OR hyp),((((hyp:tok OR hyp:tok) OR hyp:tok) AND (NOT oth:overlap)) OR hyp:tok),0.11904761904761904,6,-0.055849582,-0.04668307,0.07603831
3,90,pre:tok:in,pre,pre:tok,0.0,1,-0.007987969,-0.02412905,0.026392274
3,91,pre:tok:in,pre,pre:tok,0.0,1,-0.045165766,0.028378654,-0.024018653
3,92,pre:tok:in,pre,pre:tok,0.0,1,0.07112422,-0.012047014,-0.05616317
3,93,pre:tok:in,pre,pre:tok,0.0,1,-0.01883569,-0.017991973,-0.0017997269
3,94,pre:tok:in,pre,pre:tok,0.0,1,-0.067127995,-0.015701026,-0.0027834836
3,95,pre:tok:in,pre,pre:tok,0.0,1,0.0010621102,-0.022456413,0.015506575
3,96,pre:tok:in,pre,pre:tok,0.0,1,0.0034709915,-0.0325567,-0.008448587
3,97,pre:tok:in,pre,pre:tok,0.0,1,0.026501311,0.01666225,-0.0069059217
3,98,((((NOT oth:overlap:overlap75) AND (hyp:tok:running OR hyp:tok:swimming)) AND (NOT pre:tok:dog)) AND (NOT pre:tok:young)),((((NOT oth) AND (hyp OR hyp)) AND (NOT pre)) AND (NOT pre)),((((NOT oth:overlap) AND (hyp:tok OR hyp:tok)) AND (NOT pre:tok)) AND (NOT pre:tok)),0.16942148760330578,8,-0.08622826,-0.061934676,0.07542007
3,99,((((pre:tok:blue OR pre:tok:coat) AND oth:overlap:overlap50) OR pre:tok:putting) OR pre:tok:sings),((((pre OR pre) AND oth) OR pre) OR pre),((((pre:tok OR pre:tok) AND oth:overlap) OR pre:tok) OR pre:tok),0.10208816705336426,5,0.07298756,-0.0959829,-0.005412987
3,100,pre:tok:in,pre,pre:tok,0.0,1,-0.088273406,-0.0052091433,-0.0047181933
3,101,pre:tok:in,pre,pre:tok,0.0,1,0.12701812,-0.21455209,-0.16801958
3,102,pre:tok:in,pre,pre:tok,0.0,1,-0.012499663,-0.02526332,-0.0016857684
3,103,pre:tok:in,pre,pre:tok,0.0,1,0.016138189,0.00962268,0.02160543
3,104,pre:tok:in,pre,pre:tok,0.0,1,0.023347884,0.048116654,-0.091511555
3,105,pre:tok:in,pre,pre:tok,0.0,1,0.016222455,0.012033734,0.013546592
3,106,pre:tok:in,pre,pre:tok,0.0,1,-0.17021534,-0.07855876,0.11188586
3,107,pre:tok:in,pre,pre:tok,0.0,1,0.010845746,0.05377577,-0.01788012
3,108,pre:tok:in,pre,pre:tok,0.0,1,0.031940717,-0.025490396,-0.050881114
3,109,pre:tok:in,pre,pre:tok,0.0,1,-0.053221107,-0.049132645,-0.0701578
3,110,pre:tok:in,pre,pre:tok,0.0,1,-0.05829175,0.00046831323,-0.020443004
3,111,pre:tok:in,pre,pre:tok,0.0,1,0.0016251587,-0.027635096,-0.030513028
3,112,pre:tok:in,pre,pre:tok,0.0,1,0.009923246,0.010234149,0.030070646
3,113,((((NOT hyp:tok:red) AND (hyp:tok:walking OR pre:tok:red)) OR hyp:tok:walk) OR hyp:tok:instrument),((((NOT hyp) AND (hyp OR pre)) OR hyp) OR hyp),((((NOT hyp:tok) AND (hyp:tok OR pre:tok)) OR hyp:tok) OR hyp:tok),0.09322033898305085,6,-0.09838663,0.10174002,-0.051472064
3,114,pre:tok:in,pre,pre:tok,0.0,1,-0.03208998,-0.021575475,0.015153893
3,115,pre:tok:in,pre,pre:tok,0.0,1,-0.025477335,-0.048394438,-0.07235463
3,116,pre:tok:in,pre,pre:tok,0.0,1,-0.017637454,0.0016426755,-0.05439897
3,117,pre:tok:in,pre,pre:tok,0.0,1,-0.015599354,-0.0043594847,0.031266592
3,118,pre:tok:in,pre,pre:tok,0.0,1,-0.013045226,-0.028308477,0.027513092
3,119,pre:tok:in,pre,pre:tok,0.0,1,-0.020751394,0.027719911,-0.023735322
3,120,pre:tok:in,pre,pre:tok,0.0,1,-0.014205514,-0.009820692,-0.028561337
3,121,pre:tok:in,pre,pre:tok,0.0,1,-0.012556307,-0.004710122,-0.02077138
3,122,pre:tok:in,pre,pre:tok,0.0,1,-0.0068780296,0.013510392,-0.024208896
3,123,pre:tok:in,pre,pre:tok,0.0,1,-0.04467381,-0.01697592,-0.023792325
3,124,pre:tok:in,pre,pre:tok,0.0,1,0.005436926,0.022672644,0.0021183304
3,125,pre:tok:in,pre,pre:tok,0.0,1,0.011726397,-0.10328192,-0.049509082
3,126,pre:tok:in,pre,pre:tok,0.0,1,0.007641409,0.0072017685,0.0040696347
3,127,pre:tok:in,pre,pre:tok,0.0,1,0.008601519,-0.023871878,0.029000605
3,128,((((hyp:tok:sleeping OR hyp:tok:swimming) OR hyp:tok:eating) OR hyp:tok:asleep) OR hyp:tok:no),((((hyp OR hyp) OR hyp) OR hyp) OR hyp),((((hyp:tok OR hyp:tok) OR hyp:tok) OR hyp:tok) OR hyp:tok),0.16042154566744732,5,-0.07620168,0.08419467,-0.017749865
3,129,pre:tok:in,pre,pre:tok,0.0,1,-0.10060086,-0.025388934,0.09482709
3,130,pre:tok:in,pre,pre:tok,0.0,1,0.031976726,-0.047417536,-0.0033603832
3,131,pre:tok:in,pre,pre:tok,0.0,1,-0.008187658,-0.003069799,-0.0018015172
3,132,pre:tok:in,pre,pre:tok,0.0,1,-0.04989085,0.12713817,-0.064335816
3,133,((((NOT pre:tok:sitting) AND (hyp:tok:bedroom OR hyp:tok:inside)) OR hyp:tok:tv) AND (NOT pre:tok:red)),((((NOT pre) AND (hyp OR hyp)) OR hyp) AND (NOT pre)),((((NOT pre:tok) AND (hyp:tok OR hyp:tok)) OR hyp:tok) AND (NOT pre:tok)),0.16470588235294117,7,-0.10372265,-0.10818398,0.13525978
3,134,((((hyp:tok:black OR hyp:tok:blue) OR hyp:tok:naked) OR hyp:tok:empty) OR hyp:tok:pond),((((hyp OR hyp) OR hyp) OR hyp) OR hyp),((((hyp:tok OR hyp:tok) OR hyp:tok) OR hyp:tok) OR hyp:tok),0.08865248226950355,5,-0.10671018,0.028619496,0.048030198
3,135,pre:tok:in,pre,pre:tok,0.0,1,0.0030202875,-0.014142611,0.0250807
3,136,pre:tok:in,pre,pre:tok,0.0,1,-0.013081909,0.034544777,-0.09757626
3,137,pre:tok:in,pre,pre:tok,0.0,1,-0.13936695,-0.06690326,0.08972619
3,138,pre:tok:in,pre,pre:tok,0.0,1,-0.0056663803,-0.03728293,0.036637243
3,139,((((hyp:tok:pool OR pre:tok:deep) OR pre:tok:lying) OR pre:tok:leaf) OR hyp:tok:raising),((((hyp OR pre) OR pre) OR pre) OR hyp),((((hyp:tok OR pre:tok) OR pre:tok) OR pre:tok) OR hyp:tok),0.09712230215827339,5,-0.022209119,-0.117812954,0.06646643
3,140,pre:tok:in,pre,pre:tok,0.0,1,-0.084954716,-0.0757253,0.13336182
3,141,pre:tok:in,pre,pre:tok,0.0,1,0.005810221,-0.026972951,-0.011278573
3,142,pre:tok:in,pre,pre:tok,0.0,1,-0.043514676,0.01365939,-0.22109029
3,143,pre:tok:in,pre,pre:tok,0.0,1,-0.008734531,0.037634708,0.022897309
3,144,pre:tok:in,pre,pre:tok,0.0,1,-0.0057619945,-0.021495854,-0.049787506
3,145,pre:tok:in,pre,pre:tok,0.0,1,-0.024638766,-0.0031922143,-0.00596339
3,146,pre:tok:in,pre,pre:tok,0.0,1,-0.024519496,-0.0051470543,0.04366446
3,147,pre:tok:in,pre,pre:tok,0.0,1,0.010566733,0.015339571,0.032468084
3,148,pre:tok:in,pre,pre:tok,0.0,1,-0.02957438,-0.020992396,-0.0046174335
3,149,pre:tok:in,pre,pre:tok,0.0,1,-0.020989161,0.016468972,0.0065301126
3,150,pre:tok:in,pre,pre:tok,0.0,1,-0.2044253,0.0124981245,0.094600335
3,151,pre:tok:in,pre,pre:tok,0.0,1,-0.09494775,-0.016828742,0.056392785
3,152,pre:tok:in,pre,pre:tok,0.0,1,0.010014768,0.0019077694,-0.014095967
3,153,pre:tok:in,pre,pre:tok,0.0,1,0.1402548,-0.08023254,-0.096402094
3,154,pre:tok:in,pre,pre:tok,0.0,1,0.05640232,-0.03001046,-0.04099507
3,155,pre:tok:in,pre,pre:tok,0.0,1,-0.016818479,0.021958226,0.0063853175
3,156,pre:tok:in,pre,pre:tok,0.0,1,-0.06856894,-0.0024120566,-0.010329548
3,157,((((hyp:tok:for OR hyp:tok:to) OR hyp:tok:sad) AND oth:overlap:overlap25) OR hyp:tok:asleep),((((hyp OR hyp) OR hyp) AND oth) OR hyp),((((hyp:tok OR hyp:tok) OR hyp:tok) AND oth:overlap) OR hyp:tok),0.11219946571682991,5,-0.05160193,0.059172977,-0.050142433
3,158,pre:tok:in,pre,pre:tok,0.0,1,-0.0044874987,0.0547712,-0.03767643
3,159,pre:tok:in,pre,pre:tok,0.0,1,0.00021119398,0.010514237,-0.017077342
3,160,pre:tok:in,pre,pre:tok,0.0,1,0.016960602,0.04256296,-0.016251069
3,161,pre:tok:in,pre,pre:tok,0.0,1,0.005571336,-0.010668675,-0.02457532
3,162,pre:tok:in,pre,pre:tok,0.0,1,0.017939711,0.026868239,0.00055423524
3,163,pre:tok:in,pre,pre:tok,0.0,1,-0.26766938,0.09243416,-0.06756472
3,164,pre:tok:in,pre,pre:tok,0.0,1,-0.0015966669,-0.023462098,-0.004886586
3,165,pre:tok:in,pre,pre:tok,0.0,1,-0.05295136,-0.06045725,0.083727136
3,166,pre:tok:in,pre,pre:tok,0.0,1,0.013000044,-0.028395733,-0.06987498
3,167,pre:tok:in,pre,pre:tok,0.0,1,0.036970306,0.015462908,-0.022495331
3,168,pre:tok:in,pre,pre:tok,0.0,1,-0.024423728,0.0023050075,0.03357357
3,169,pre:tok:in,pre,pre:tok,0.0,1,-0.013789192,-0.005527775,-0.019280791
3,170,pre:tok:in,pre,pre:tok,0.0,1,0.13963296,-0.09540035,-0.11236359
3,171,pre:tok:in,pre,pre:tok,0.0,1,0.090714194,-0.08963582,-0.20395969
3,172,pre:tok:in,pre,pre:tok,0.0,1,-0.074928164,0.015890753,0.018604869
3,173,(((((NOT oth:overlap:overlap25) AND hyp:tok:dog) OR hyp:tok:running) AND (NOT pre:tok:dog)) AND (NOT pre:tok:running)),(((((NOT oth) AND hyp) OR hyp) AND (NOT pre)) AND (NOT pre)),(((((NOT oth:overlap) AND hyp:tok) OR hyp:tok) AND (NOT pre:tok)) AND (NOT pre:tok)),0.12341772151898735,8,-0.09464936,-0.046664692,0.06411461
3,174,pre:tok:in,pre,pre:tok,0.0,1,0.045036357,-0.022107106,-0.016550107
3,175,pre:tok:in,pre,pre:tok,0.0,1,0.007010473,-0.0333985,0.0011862116
3,176,pre:tok:in,pre,pre:tok,0.0,1,-0.17371343,-0.054519087,0.01057743
3,177,pre:tok:in,pre,pre:tok,0.0,1,-0.035102468,0.029758822,-0.026929472
3,178,pre:tok:in,pre,pre:tok,0.0,1,-0.005720577,0.030373879,-0.029933859
3,179,pre:tok:in,pre,pre:tok,0.0,1,-0.13292113,-0.010180686,-0.020661628
3,180,pre:tok:in,pre,pre:tok,0.0,1,0.023711625,0.024367345,0.013461646
3,181,pre:tok:in,pre,pre:tok,0.0,1,-0.0055826884,-0.05257591,0.049281485
3,182,pre:tok:in,pre,pre:tok,0.0,1,0.022902442,0.019054422,-0.02082715
3,183,pre:tok:in,pre,pre:tok,0.0,1,-0.04141166,-0.11305054,0.02572642
3,184,pre:tok:in,pre,pre:tok,0.0,1,0.042383034,-0.010578892,0.01582296
3,185,pre:tok:in,pre,pre:tok,0.0,1,-0.04326192,-0.014049391,0.004163899
3,186,pre:tok:in,pre,pre:tok,0.0,1,-0.0052255737,-0.021783398,0.032608166
3,187,pre:tok:in,pre,pre:tok,0.0,1,0.04688325,-0.006550069,-0.0069883284
3,188,pre:tok:in,pre,pre:tok,0.0,1,-0.002543531,0.010231753,0.01605837
3,189,pre:tok:in,pre,pre:tok,0.0,1,-0.025256582,0.042192712,-0.021719601
3,190,pre:tok:in,pre,pre:tok,0.0,1,0.008693362,0.026624294,0.0061495597
3,191,pre:tok:in,pre,pre:tok,0.0,1,-0.0766468,0.078800224,-0.025899656
3,192,pre:tok:in,pre,pre:tok,0.0,1,-0.091301076,0.11067812,-0.12615074
3,193,pre:tok:in,pre,pre:tok,0.0,1,-0.023645775,-0.0053736,0.022892535
3,194,pre:tok:in,pre,pre:tok,0.0,1,-0.17441168,-0.085168585,0.0137697505
3,195,pre:tok:in,pre,pre:tok,0.0,1,-0.095650785,0.020829841,-0.00016578007
3,196,pre:tok:in,pre,pre:tok,0.0,1,0.013898657,-0.0036877377,0.014237707
3,197,pre:tok:in,pre,pre:tok,0.0,1,-0.06971142,-0.063699946,0.1210279
3,198,pre:tok:in,pre,pre:tok,0.0,1,0.09783787,-0.01740819,-0.14850242
3,199,pre:tok:in,pre,pre:tok,0.0,1,-0.024082795,0.018115602,-0.10912989
3,200,pre:tok:in,pre,pre:tok,0.0,1,-0.033764776,-0.0050887647,-0.02600243
3,201,pre:tok:in,pre,pre:tok,0.0,1,0.013784866,0.016872317,0.01369216
3,202,pre:tok:in,pre,pre:tok,0.0,1,-0.03866473,-0.009189565,-0.044769812
3,203,((((hyp:tok:laying OR pre:tok:swimming) OR hyp:tok:chicken) AND (NOT oth:overlap:overlap75)) OR hyp:tok:swimsuit),((((hyp OR pre) OR hyp) AND (NOT oth)) OR hyp),((((hyp:tok OR pre:tok) OR hyp:tok) AND (NOT oth:overlap)) OR hyp:tok),0.10465116279069768,6,-0.07922296,-0.049951915,0.10058179
3,204,pre:tok:in,pre,pre:tok,0.0,1,-0.16330542,0.13461772,-0.052648004
3,205,pre:tok:in,pre,pre:tok,0.0,1,0.023406269,0.008170713,0.008519941
3,206,pre:tok:in,pre,pre:tok,0.0,1,-0.03466468,0.006258125,0.015352923
3,207,pre:tok:in,pre,pre:tok,0.0,1,-0.037924863,0.0001400258,-0.0017536497
3,208,pre:tok:in,pre,pre:tok,0.0,1,-0.01722014,-0.00075193564,-0.013821736
3,209,(((((NOT oth:overlap:overlap25) AND hyp:tok:man) OR hyp:tok:boy) AND (NOT hyp:tok:in)) OR hyp:tok:friends),(((((NOT oth) AND hyp) OR hyp) AND (NOT hyp)) OR hyp),(((((NOT oth:overlap) AND hyp:tok) OR hyp:tok) AND (NOT hyp:tok)) OR hyp:tok),0.07366482504604052,7,-0.031901717,-0.2251273,0.19503812
3,210,pre:tok:in,pre,pre:tok,0.0,1,0.016614368,0.027203389,0.0057107573
3,211,pre:tok:in,pre,pre:tok,0.0,1,-0.0051469444,0.015383896,-0.0002964192
3,212,pre:tok:in,pre,pre:tok,0.0,1,-0.02968788,0.015877381,0.018498002
3,213,((((NOT pre:tok:on) AND (hyp:tok:sleeping OR hyp:tok:swimming)) OR hyp:tok:sleeps) AND (NOT oth:overlap:overlap75)),((((NOT pre) AND (hyp OR hyp)) OR hyp) AND (NOT oth)),((((NOT pre:tok) AND (hyp:tok OR hyp:tok)) OR hyp:tok) AND (NOT oth:overlap)),0.1358695652173913,7,-0.10768413,-0.07735079,0.09671974
3,214,pre:tok:in,pre,pre:tok,0.0,1,-0.06821595,-0.058646373,0.016480222
3,215,pre:tok:in,pre,pre:tok,0.0,1,0.07440801,-0.057312317,-0.08348184
3,216,pre:tok:in,pre,pre:tok,0.0,1,-0.012621381,-4.6711353e-05,-0.014240419
3,217,pre:tok:in,pre,pre:tok,0.0,1,0.007245933,-0.0012914647,-0.034622304
3,218,pre:tok:in,pre,pre:tok,0.0,1,-0.034984786,0.08428531,-0.13905823
3,219,pre:tok:in,pre,pre:tok,0.0,1,-0.10315156,-0.0806923,0.012822483
3,220,pre:tok:in,pre,pre:tok,0.0,1,0.022119725,0.027668612,0.02349514
3,221,pre:tok:in,pre,pre:tok,0.0,1,-0.009180218,-0.011132682,0.004512205
3,222,pre:tok:in,pre,pre:tok,0.0,1,0.0054146987,0.005306623,-0.0050698714
3,223,pre:tok:in,pre,pre:tok,0.0,1,0.01812402,-0.030026175,-0.019088529
3,224,pre:tok:in,pre,pre:tok,0.0,1,-0.055115707,-0.07153802,-0.03315631
3,225,pre:tok:in,pre,pre:tok,0.0,1,0.029696215,-0.20593342,-0.03165385
3,226,pre:tok:in,pre,pre:tok,0.0,1,-0.07915883,0.033147518,0.0048398334
3,227,pre:tok:in,pre,pre:tok,0.0,1,-0.016089026,0.026418678,-0.019831115
3,228,pre:tok:in,pre,pre:tok,0.0,1,-0.030677142,-0.04719693,0.002839088
3,229,pre:tok:in,pre,pre:tok,0.0,1,0.04651426,-0.070510276,-0.014886223
3,230,pre:tok:in,pre,pre:tok,0.0,1,-0.10239029,0.08207082,-0.109554164
3,231,pre:tok:in,pre,pre:tok,0.0,1,-0.14207068,-0.0069892937,0.10436663
3,232,pre:tok:in,pre,pre:tok,0.0,1,-0.07302567,-0.049706776,0.09592997
3,233,pre:tok:in,pre,pre:tok,0.0,1,-0.01909712,-0.012059377,0.012925515
3,234,pre:tok:in,pre,pre:tok,0.0,1,-0.13872322,0.13468128,-0.09822874
3,235,pre:tok:in,pre,pre:tok,0.0,1,-0.008386696,-0.02322001,-0.08857988
3,236,pre:tok:in,pre,pre:tok,0.0,1,-0.018689448,-0.0009445437,-0.009989676
3,237,pre:tok:in,pre,pre:tok,0.0,1,-0.018388195,-0.00645653,0.009687024
3,238,pre:tok:in,pre,pre:tok,0.0,1,-0.108352795,-0.13089359,0.11335042
3,239,((((hyp:tok:catches OR hyp:tok:crossed) OR hyp:tok:sweater) OR pre:tok:seen) AND (NOT hyp:tok:is)),((((hyp OR hyp) OR hyp) OR pre) AND (NOT hyp)),((((hyp:tok OR hyp:tok) OR hyp:tok) OR pre:tok) AND (NOT hyp:tok)),0.07627118644067797,6,0.047245115,-0.06087735,-0.059785217
3,240,pre:tok:in,pre,pre:tok,0.0,1,0.046278898,0.0745689,-0.09906145
3,241,pre:tok:in,pre,pre:tok,0.0,1,-0.21773413,-0.05991453,0.07750456
3,242,pre:tok:in,pre,pre:tok,0.0,1,0.0060063954,0.011467705,0.008768289
3,243,pre:tok:in,pre,pre:tok,0.0,1,-0.16098133,0.06321727,-0.051296152
3,244,((((NOT oth:overlap:overlap50) AND (hyp:tok:home OR pre:tok:suits)) AND (NOT hyp:tok:two)) AND (NOT hyp:tok:his)),((((NOT oth) AND (hyp OR pre)) AND (NOT hyp)) AND (NOT hyp)),((((NOT oth:overlap) AND (hyp:tok OR pre:tok)) AND (NOT hyp:tok)) AND (NOT hyp:tok)),0.12408759124087591,8,-0.15500566,-0.04936664,0.10449845
3,245,pre:tok:in,pre,pre:tok,0.0,1,-0.14558676,0.071765214,-0.09657934
3,246,pre:tok:in,pre,pre:tok,0.0,1,-0.016798373,-0.02805847,0.03840971
3,247,pre:tok:in,pre,pre:tok,0.0,1,-0.06728395,-0.1450022,0.05575315
3,248,pre:tok:in,pre,pre:tok,0.0,1,-0.02905105,-0.13135408,0.14626423
3,249,pre:tok:in,pre,pre:tok,0.0,1,0.0137644,0.034958817,0.007087059
3,250,pre:tok:in,pre,pre:tok,0.0,1,-0.011110642,0.0068920623,0.015077724
3,251,pre:tok:in,pre,pre:tok,0.0,1,-0.070659235,0.13855356,-0.26267588
3,252,pre:tok:in,pre,pre:tok,0.0,1,0.00084912934,0.01526511,-0.030949142
3,253,pre:tok:in,pre,pre:tok,0.0,1,-0.027247727,-0.13628855,0.109870695
3,254,pre:tok:in,pre,pre:tok,0.0,1,-0.05300731,0.06345871,0.022279607
3,255,pre:tok:in,pre,pre:tok,0.0,1,-0.100662425,-0.05091947,-0.0069142473
3,256,pre:tok:in,pre,pre:tok,0.0,1,-0.018201523,-0.012200626,-0.0055663744
3,257,((((hyp:tok:in AND oth:overlap:overlap75) OR hyp:tok:brother) AND (NOT hyp:tok:woman)) AND (NOT pre:tok:white)),((((hyp AND oth) OR hyp) AND (NOT hyp)) AND (NOT pre)),((((hyp:tok AND oth:overlap) OR hyp:tok) AND (NOT hyp:tok)) AND (NOT pre:tok)),0.13829787234042554,7,-0.1181286,0.09563375,0.01779492
3,258,pre:tok:in,pre,pre:tok,0.0,1,0.0049470486,0.02776395,-0.02464375
3,259,pre:tok:in,pre,pre:tok,0.0,1,-0.03007103,0.021653527,-0.038569827
3,260,pre:tok:in,pre,pre:tok,0.0,1,-0.21569629,0.095368825,-0.14550816
3,261,pre:tok:in,pre,pre:tok,0.0,1,-0.041529834,-0.027057532,0.06383169
3,262,((((hyp:tok:in AND hyp:tok:man) OR hyp:tok:bus) OR pre:tok:listens) OR pre:tok:stunt),((((hyp AND hyp) OR hyp) OR pre) OR pre),((((hyp:tok AND hyp:tok) OR hyp:tok) OR pre:tok) OR pre:tok),0.07256894049346879,5,-0.050807603,0.08624376,-0.08241254
3,263,pre:tok:in,pre,pre:tok,0.0,1,0.0055371686,0.017919458,0.013577985
3,264,pre:tok:in,pre,pre:tok,0.0,1,0.018345287,0.030594246,0.01505377
3,265,((((hyp:tok:outside OR oth:overlap:overlap75) OR hyp:tok:outdoors) OR hyp:tok:wearing) AND (NOT hyp:tok:to)),((((hyp OR oth) OR hyp) OR hyp) AND (NOT hyp)),((((hyp:tok OR oth:overlap) OR hyp:tok) OR hyp:tok) AND (NOT hyp:tok)),0.14996368917937544,6,0.034694284,0.012383604,-0.07465553
3,266,pre:tok:in,pre,pre:tok,0.0,1,-0.008454966,0.024465099,-0.030837314
3,267,pre:tok:in,pre,pre:tok,0.0,1,-0.1497161,0.0508377,-0.081611276
3,268,pre:tok:in,pre,pre:tok,0.0,1,-0.007078306,-0.036788832,0.02979326
3,269,pre:tok:in,pre,pre:tok,0.0,1,-0.032027118,-0.02202564,-8.9144574e-05
3,270,((((hyp:tok:indoors OR hyp:tok:inside) OR hyp:tok:gym) OR hyp:tok:eating) AND (NOT oth:overlap:overlap50)),((((hyp OR hyp) OR hyp) OR hyp) AND (NOT oth)),((((hyp:tok OR hyp:tok) OR hyp:tok) OR hyp:tok) AND (NOT oth:overlap)),0.07627118644067797,6,-0.082250044,-0.07604326,0.10063974
3,271,pre:tok:in,pre,pre:tok,0.0,1,-0.07063037,-0.044692654,-0.007765836
3,272,pre:tok:in,pre,pre:tok,0.0,1,0.008859993,-0.032383133,0.024345938
3,273,pre:tok:in,pre,pre:tok,0.0,1,0.0412596,0.008739188,-0.021415036
3,274,pre:tok:in,pre,pre:tok,0.0,1,-0.010766891,-0.046837896,0.005158592
3,275,pre:tok:in,pre,pre:tok,0.0,1,-0.16207121,-0.14449218,0.18836771
3,276,pre:tok:in,pre,pre:tok,0.0,1,-0.020075347,-0.019441754,-0.015172385
3,277,pre:tok:in,pre,pre:tok,0.0,1,0.0113594765,9.817706e-05,-0.0034953442
3,278,pre:tok:in,pre,pre:tok,0.0,1,0.017460749,-0.06361183,-0.026882976
3,279,pre:tok:in,pre,pre:tok,0.0,1,-0.03907658,0.0060771233,-0.06031292
3,280,((((hyp:tok:there OR oth:overlap:overlap75) OR hyp:tok:wearing) OR hyp:tok:has) AND (NOT hyp:tok:to)),((((hyp OR oth) OR hyp) OR hyp) AND (NOT hyp)),((((hyp:tok OR oth:overlap) OR hyp:tok) OR hyp:tok) AND (NOT hyp:tok)),0.1625086625086625,6,0.034373827,-0.122728854,0.07405096
3,281,pre:tok:in,pre,pre:tok,0.0,1,-0.009757218,-0.021517513,-0.0017034727
3,282,pre:tok:in,pre,pre:tok,0.0,1,-0.020869039,-0.03439933,0.039400123
3,283,(((((NOT pre:tok:is) AND oth:overlap:overlap75) OR hyp:tok:home) AND (NOT pre:tok:with)) OR hyp:tok:before),(((((NOT pre) AND oth) OR hyp) AND (NOT pre)) OR hyp),(((((NOT pre:tok) AND oth:overlap) OR hyp:tok) AND (NOT pre:tok)) OR hyp:tok),0.0897736143637783,7,-0.12114607,0.06978148,-0.0069345436
3,284,((((hyp:tok:indoors OR hyp:tok:standing) OR hyp:tok:table) OR pre:tok:having) AND (NOT pre:tok:one)),((((hyp OR hyp) OR hyp) OR pre) AND (NOT pre)),((((hyp:tok OR hyp:tok) OR hyp:tok) OR pre:tok) AND (NOT pre:tok)),0.1146384479717813,6,0.0075615062,0.07493844,-0.102773
3,285,pre:tok:in,pre,pre:tok,0.0,1,-0.08331336,-0.024160277,0.060199425
3,286,pre:tok:in,pre,pre:tok,0.0,1,0.058900815,0.005210978,-0.124418534
3,287,pre:tok:in,pre,pre:tok,0.0,1,-0.21462701,-0.11982977,0.0429105
3,288,pre:tok:in,pre,pre:tok,0.0,1,-0.051356778,-0.122399285,0.13520771
3,289,pre:tok:in,pre,pre:tok,0.0,1,-0.019099105,-0.017004687,-0.022361914
3,290,pre:tok:in,pre,pre:tok,0.0,1,-0.15210316,-0.07086204,0.07879
3,291,pre:tok:in,pre,pre:tok,0.0,1,0.017681258,-0.01667235,0.0063416855
3,292,((((hyp:tok:sisters OR pre:tok:toward) OR pre:tok:whilst) AND pre:tok:in) OR pre:tok:attempting),((((hyp OR pre) OR pre) AND pre) OR pre),((((hyp:tok OR pre:tok) OR pre:tok) AND pre:tok) OR pre:tok),0.087248322147651,5,-0.10337515,0.04437145,-0.073696606
3,293,pre:tok:in,pre,pre:tok,0.0,1,0.058884624,0.0287585,-0.105521575
3,294,((((hyp:tok:old OR pre:tok:drives) OR pre:tok:hard) AND pre:tok:man) OR hyp:tok:underneath),((((hyp OR pre) OR pre) AND pre) OR hyp),((((hyp:tok OR pre:tok) OR pre:tok) AND pre:tok) OR hyp:tok),0.11920529801324503,5,-0.123535246,0.07876564,-0.1049324
3,295,pre:tok:in,pre,pre:tok,0.0,1,0.020303907,-0.042713914,-0.04208761
3,296,((((NOT pre:tok:on) AND (hyp:tok:couch OR hyp:tok:outdoors)) OR pre:tok:mall) OR pre:tok:pepper),((((NOT pre) AND (hyp OR hyp)) OR pre) OR pre),((((NOT pre:tok) AND (hyp:tok OR hyp:tok)) OR pre:tok) OR pre:tok),0.1358695652173913,6,0.103343174,-0.14163905,-0.16915658
3,297,pre:tok:in,pre,pre:tok,0.0,1,-0.043980766,0.10985668,-0.18610382
3,298,((((hyp:tok:bed OR pre:tok:helps) OR pre:tok:bowling) OR pre:tok:cats) OR pre:tok:carry),((((hyp OR pre) OR pre) OR pre) OR pre),((((hyp:tok OR pre:tok) OR pre:tok) OR pre:tok) OR pre:tok),0.08875739644970414,5,0.10645475,-0.16283254,-0.0818803
3,299,pre:tok:in,pre,pre:tok,0.0,1,0.01104053,0.00084995653,-5.5537857e-05
3,300,pre:tok:in,pre,pre:tok,0.0,1,-0.022364594,-0.0016705373,-0.024519714
3,301,pre:tok:in,pre,pre:tok,0.0,1,0.03804945,0.02473932,-0.039984506
3,302,((((hyp:tok:for OR hyp:tok:to) OR pre:tok:dogs) AND (NOT pre:tok:for)) AND (NOT pre:tok:to)),((((hyp OR hyp) OR pre) AND (NOT pre)) AND (NOT pre)),((((hyp:tok OR hyp:tok) OR pre:tok) AND (NOT pre:tok)) AND (NOT pre:tok)),0.13033873343151695,7,-0.08541145,0.09960315,-0.04820199
3,303,pre:tok:in,pre,pre:tok,0.0,1,0.013864807,-0.033972554,0.018810619
3,304,pre:tok:in,pre,pre:tok,0.0,1,-0.079688184,0.12278651,-0.11494429
3,305,pre:tok:in,pre,pre:tok,0.0,1,0.04907726,0.0051228795,0.0013278788
3,306,pre:tok:in,pre,pre:tok,0.0,1,-0.014996671,-0.0023088118,-0.006956312
3,307,pre:tok:in,pre,pre:tok,0.0,1,-0.11094805,0.061698984,-0.07594919
3,308,((((hyp:tok:here OR hyp:tok:roller) OR pre:tok:university) OR hyp:tok:office) OR hyp:tok:bare),((((hyp OR hyp) OR pre) OR hyp) OR hyp),((((hyp:tok OR hyp:tok) OR pre:tok) OR hyp:tok) OR hyp:tok),0.11842105263157894,5,-0.025440382,0.10063437,-0.14611883
3,309,pre:tok:in,pre,pre:tok,0.0,1,-0.03731942,-0.038868908,0.032208286
3,310,pre:tok:in,pre,pre:tok,0.0,1,0.0073004626,-0.0024335417,-0.015450407
3,311,pre:tok:in,pre,pre:tok,0.0,1,-0.0787494,0.031044904,-0.042046975
3,312,pre:tok:in,pre,pre:tok,0.0,1,-0.047000792,-0.14711353,0.069286756
3,313,pre:tok:in,pre,pre:tok,0.0,1,-0.0061516073,0.00945233,-0.0017304624
3,314,pre:tok:in,pre,pre:tok,0.0,1,0.042991437,-0.035998553,-0.0065247905
3,315,pre:tok:in,pre,pre:tok,0.0,1,-0.027715879,0.015308687,-0.012647242
3,316,pre:tok:in,pre,pre:tok,0.0,1,-0.08844262,-0.044740867,0.05308486
3,317,pre:tok:in,pre,pre:tok,0.0,1,0.010468309,-0.022590471,-0.050444048
3,318,pre:tok:in,pre,pre:tok,0.0,1,-0.031931642,0.038890626,-0.051266678
3,319,pre:tok:in,pre,pre:tok,0.0,1,0.013206493,0.028963985,-0.020110214
3,320,pre:tok:in,pre,pre:tok,0.0,1,0.06762939,-0.14974217,-0.0036580414
3,321,pre:tok:in,pre,pre:tok,0.0,1,-0.0056631984,-0.0043634097,0.043296974
3,322,pre:tok:in,pre,pre:tok,0.0,1,0.005742997,-0.046086375,-0.05695315
3,323,pre:tok:in,pre,pre:tok,0.0,1,-0.05739789,-0.036080167,0.0004599119
3,324,pre:tok:in,pre,pre:tok,0.0,1,-0.09331424,0.03123176,-0.09269825
3,325,pre:tok:in,pre,pre:tok,0.0,1,-0.005043803,-0.022443816,0.028051108
3,326,pre:tok:in,pre,pre:tok,0.0,1,-0.061263077,-0.1620079,0.12929937
3,327,pre:tok:in,pre,pre:tok,0.0,1,0.01988744,0.009893733,0.02276527
3,328,pre:tok:in,pre,pre:tok,0.0,1,-0.06588125,-0.080403,0.07494127
3,329,pre:tok:in,pre,pre:tok,0.0,1,-0.00022844963,-0.019345606,0.017444149
3,330,pre:tok:in,pre,pre:tok,0.0,1,-0.0018906741,-0.01591578,-0.003031399
3,331,pre:tok:in,pre,pre:tok,0.0,1,-0.018313082,0.0071274177,-0.006923942
3,332,pre:tok:in,pre,pre:tok,0.0,1,-0.022088895,-0.13201997,0.07577515
3,333,pre:tok:in,pre,pre:tok,0.0,1,0.04048229,-0.14108147,-0.13993134
3,334,pre:tok:in,pre,pre:tok,0.0,1,-0.008057741,-0.011678593,-0.06332471
3,335,pre:tok:in,pre,pre:tok,0.0,1,-0.0062360135,0.021964548,-0.005529698
3,336,pre:tok:in,pre,pre:tok,0.0,1,-0.06522011,0.110907875,-0.10483501
3,337,pre:tok:in,pre,pre:tok,0.0,1,0.07844269,-0.124823645,-0.116053134
3,338,pre:tok:in,pre,pre:tok,0.0,1,0.02505982,-0.06498845,0.019680575
3,339,pre:tok:in,pre,pre:tok,0.0,1,-0.11410256,0.1715864,-0.094599836
3,340,pre:tok:in,pre,pre:tok,0.0,1,-0.0015237121,0.03579257,-0.0043053837
3,341,pre:tok:in,pre,pre:tok,0.0,1,-0.16319975,0.016619964,-0.02867799
3,342,pre:tok:in,pre,pre:tok,0.0,1,0.017501026,-0.008187532,0.0073144427
3,343,pre:tok:in,pre,pre:tok,0.0,1,-0.012721769,0.013577793,0.011555942
3,344,pre:tok:in,pre,pre:tok,0.0,1,0.00088156614,0.025899991,-0.008138531
3,345,pre:tok:in,pre,pre:tok,0.0,1,-0.008646859,-0.014297067,0.01212266
3,346,pre:tok:in,pre,pre:tok,0.0,1,-0.06386406,-0.0578718,0.023305247
3,347,pre:tok:in,pre,pre:tok,0.0,1,-0.060792044,-0.08991794,-0.01653681
3,348,((((NOT hyp:tok:his) AND (hyp:tok:is AND hyp:tok:man)) OR pre:tok:reaches) AND (NOT hyp:tok:to)),((((NOT hyp) AND (hyp AND hyp)) OR pre) AND (NOT hyp)),((((NOT hyp:tok) AND (hyp:tok AND hyp:tok)) OR pre:tok) AND (NOT hyp:tok)),0.09244992295839753,7,-0.16371901,-0.059909873,0.11909785
3,349,pre:tok:in,pre,pre:tok,0.0,1,-0.08988353,0.026616616,0.021880066
3,350,pre:tok:in,pre,pre:tok,0.0,1,-0.0012521191,0.02548543,-0.020040466
3,351,pre:tok:in,pre,pre:tok,0.0,1,-0.03497493,-0.011718889,0.009512682
3,352,pre:tok:in,pre,pre:tok,0.0,1,-0.018293308,-0.027592087,0.0049971123
3,353,pre:tok:in,pre,pre:tok,0.0,1,-0.012360932,0.0012933163,-0.095680736
3,354,pre:tok:in,pre,pre:tok,0.0,1,0.007606058,-0.0005479575,0.00052117324
3,355,pre:tok:in,pre,pre:tok,0.0,1,-0.020384546,-0.005223178,0.04574676
3,356,pre:tok:in,pre,pre:tok,0.0,1,0.03869801,-0.054213103,-0.012896394
3,357,pre:tok:in,pre,pre:tok,0.0,1,0.016425593,-0.057025213,-0.060165837
3,358,pre:tok:in,pre,pre:tok,0.0,1,-0.014080335,0.013844736,0.006392464
3,359,pre:tok:in,pre,pre:tok,0.0,1,0.077501856,-0.12808727,-0.14748386
3,360,pre:tok:in,pre,pre:tok,0.0,1,-0.019365422,0.03314586,-0.013951099
3,361,pre:tok:in,pre,pre:tok,0.0,1,0.00494959,-0.0194865,-0.0027536212
3,362,((((hyp:tok:least OR hyp:tok:this) AND hyp:tok:there) OR hyp:tok:more) OR hyp:tok:waters),((((hyp OR hyp) AND hyp) OR hyp) OR hyp),((((hyp:tok OR hyp:tok) AND hyp:tok) OR hyp:tok) OR hyp:tok),0.2631578947368421,5,0.022403922,0.01195803,-0.071439505
3,363,pre:tok:in,pre,pre:tok,0.0,1,-0.021557504,0.012257776,0.035564914
3,364,pre:tok:in,pre,pre:tok,0.0,1,0.01345662,-0.026802478,-0.014091045
3,365,pre:tok:in,pre,pre:tok,0.0,1,-0.015997967,-0.05134447,-0.024214908
3,366,pre:tok:in,pre,pre:tok,0.0,1,-0.0014739971,-0.0065523246,0.007329676
3,367,pre:tok:in,pre,pre:tok,0.0,1,-0.035803095,-0.14497751,0.09840599
3,368,pre:tok:in,pre,pre:tok,0.0,1,-0.04785897,-0.023796499,0.09159666
3,369,pre:tok:in,pre,pre:tok,0.0,1,-0.19897982,0.04361534,-0.030811276
3,370,pre:tok:in,pre,pre:tok,0.0,1,-0.015012102,-0.0013959471,-0.032510255
3,371,pre:tok:in,pre,pre:tok,0.0,1,-0.0182107,0.06156424,-0.12495827
3,372,pre:tok:in,pre,pre:tok,0.0,1,-0.035080377,-0.025518276,0.021345621
3,373,pre:tok:in,pre,pre:tok,0.0,1,0.15166494,-0.080530144,-0.08421923
3,374,pre:tok:in,pre,pre:tok,0.0,1,-0.017029732,-0.008752043,0.024259947
3,375,((((hyp:tok:cap OR hyp:tok:not) OR hyp:tok:crossed) OR pre:tok:injured) OR hyp:tok:japanese),((((hyp OR hyp) OR hyp) OR pre) OR hyp),((((hyp:tok OR hyp:tok) OR hyp:tok) OR pre:tok) OR hyp:tok),0.13043478260869565,5,-0.047484994,-0.09458407,0.1591841
3,376,pre:tok:in,pre,pre:tok,0.0,1,0.008983341,-0.03178535,-0.06094955
3,377,pre:tok:in,pre,pre:tok,0.0,1,-0.111527696,-0.060918383,0.115681
3,378,pre:tok:in,pre,pre:tok,0.0,1,-0.009701651,-0.110951155,0.04408589
3,379,pre:tok:in,pre,pre:tok,0.0,1,-0.024195539,-0.0034718902,-0.032489195
3,380,((((hyp:tok:is AND hyp:tok:wearing) OR hyp:tok:shirt) AND (NOT hyp:tok:in)) AND (NOT hyp:tok:and)),((((hyp AND hyp) OR hyp) AND (NOT hyp)) AND (NOT hyp)),((((hyp:tok AND hyp:tok) OR hyp:tok) AND (NOT hyp:tok)) AND (NOT hyp:tok)),0.1256544502617801,7,-0.07298566,-0.11746447,0.1624773
3,381,pre:tok:in,pre,pre:tok,0.0,1,-0.103941254,0.10165807,-0.06662156
3,382,((((hyp:tok:for OR hyp:tok:to) OR hyp:tok:friends) OR hyp:tok:he) OR hyp:tok:enjoying),((((hyp OR hyp) OR hyp) OR hyp) OR hyp),((((hyp:tok OR hyp:tok) OR hyp:tok) OR hyp:tok) OR hyp:tok),0.1377825618945102,5,-0.03184546,-0.06432778,0.11787037
3,383,pre:tok:in,pre,pre:tok,0.0,1,0.045275014,-0.018186895,-0.0130546875
3,384,pre:tok:in,pre,pre:tok,0.0,1,-0.027211204,0.021792147,-0.016088169
3,385,pre:tok:in,pre,pre:tok,0.0,1,-0.18251485,0.0811988,0.038938303
3,386,pre:tok:in,pre,pre:tok,0.0,1,-0.113021106,-0.02729983,0.115139805
3,387,pre:tok:in,pre,pre:tok,0.0,1,0.0065652747,-0.0501145,-0.16150606
3,388,pre:tok:in,pre,pre:tok,0.0,1,0.015144471,0.009120949,0.035231017
3,389,pre:tok:in,pre,pre:tok,0.0,1,-0.22468218,-0.017576205,0.103968754
3,390,((((hyp:tok:in OR hyp:tok:to) OR hyp:tok:for) OR hyp:tok:at) OR hyp:tok:after),((((hyp OR hyp) OR hyp) OR hyp) OR hyp),((((hyp:tok OR hyp:tok) OR hyp:tok) OR hyp:tok) OR hyp:tok),0.1528117359413203,5,-0.07187603,0.05892475,-0.010797945
3,391,pre:tok:in,pre,pre:tok,0.0,1,-0.09056886,-0.1622245,0.09815947
3,392,((((hyp:tok:there OR oth:overlap:overlap50) OR hyp:tok:wearing) OR hyp:tok:outside) OR hyp:tok:has),((((hyp OR oth) OR hyp) OR hyp) OR hyp),((((hyp:tok OR oth:overlap) OR hyp:tok) OR hyp:tok) OR hyp:tok),0.23287962569119525,5,0.047088493,-0.082499474,0.04099273
3,393,pre:tok:in,pre,pre:tok,0.0,1,-0.017710963,-0.07111149,0.04129835
3,394,pre:tok:in,pre,pre:tok,0.0,1,0.0013322417,-0.042937588,-0.0033577196
3,395,pre:tok:in,pre,pre:tok,0.0,1,-0.051937874,0.09228953,-0.13197884
3,396,pre:tok:in,pre,pre:tok,0.0,1,0.028938977,-0.041258104,-0.0094520245
3,397,pre:tok:in,pre,pre:tok,0.0,1,-0.009555401,0.0109179,-0.010679306
3,398,pre:tok:in,pre,pre:tok,0.0,1,-0.0142030455,0.0010340697,-0.009112435
3,399,pre:tok:in,pre,pre:tok,0.0,1,-0.029317437,0.108272076,-0.13259517
3,400,((((hyp:tok:beach AND pre:tok:beach) OR hyp:tok:bar) AND (NOT pre:tok:man)) AND (NOT pre:tok:men)),((((hyp AND pre) OR hyp) AND (NOT pre)) AND (NOT pre)),((((hyp:tok AND pre:tok) OR hyp:tok) AND (NOT pre:tok)) AND (NOT pre:tok)),0.1322314049586777,7,0.053612415,-0.0676449,-0.0673737
3,401,pre:tok:in,pre,pre:tok,0.0,1,-0.10400497,0.09556591,-0.14270064
3,402,pre:tok:in,pre,pre:tok,0.0,1,0.032343805,0.014500729,0.0037118308
3,403,((((hyp:tok:enjoying OR pre:tok:plants) OR pre:tok:shark) OR pre:tok:roller) AND (NOT oth:overlap:overlap50)),((((hyp OR pre) OR pre) OR pre) AND (NOT oth)),((((hyp:tok OR pre:tok) OR pre:tok) OR pre:tok) AND (NOT oth:overlap)),0.08843537414965986,6,-0.07400595,0.07627293,-0.10671457
3,404,((((hyp:tok:money OR hyp:tok:song) OR hyp:tok:gymnasium) OR hyp:tok:flower) OR pre:tok:falls),((((hyp OR hyp) OR hyp) OR hyp) OR pre),((((hyp:tok OR hyp:tok) OR hyp:tok) OR hyp:tok) OR pre:tok),0.0915032679738562,5,-0.02912799,0.03935053,-0.0792356
3,405,pre:tok:in,pre,pre:tok,0.0,1,-0.014012092,0.0039124964,-0.048500136
3,406,pre:tok:in,pre,pre:tok,0.0,1,-0.028658347,8.930748e-05,-0.009205667
3,407,pre:tok:in,pre,pre:tok,0.0,1,-0.047923114,-0.1519285,0.012177964
3,408,pre:tok:in,pre,pre:tok,0.0,1,-0.041346774,0.026654579,-0.05079388
3,409,pre:tok:in,pre,pre:tok,0.0,1,-0.16100192,0.07044437,-0.0798337
3,410,((((hyp:tok:basketball OR hyp:tok:swimming) OR hyp:tok:kitchen) OR hyp:tok:asleep) AND (NOT pre:tok:basketball)),((((hyp OR hyp) OR hyp) OR hyp) AND (NOT pre)),((((hyp:tok OR hyp:tok) OR hyp:tok) OR hyp:tok) AND (NOT pre:tok)),0.11437908496732026,6,-0.0765399,-0.08218797,0.10401139
3,411,pre:tok:in,pre,pre:tok,0.0,1,-0.15607233,0.15049034,-0.121938564
3,412,pre:tok:in,pre,pre:tok,0.0,1,-0.17877021,-0.040999115,0.0496628
3,413,(((((NOT oth:overlap:overlap50) AND hyp:tok:playing) AND (NOT pre:tok:with)) OR hyp:tok:driving) AND (NOT hyp:tok:game)),(((((NOT oth) AND hyp) AND (NOT pre)) OR hyp) AND (NOT hyp)),(((((NOT oth:overlap) AND hyp:tok) AND (NOT pre:tok)) OR hyp:tok) AND (NOT hyp:tok)),0.08685446009389672,8,0.019379415,-0.119061515,0.09415096
3,414,pre:tok:in,pre,pre:tok,0.0,1,-0.02372531,0.02944194,0.014424353
3,415,pre:tok:in,pre,pre:tok,0.0,1,0.005377025,0.001135537,0.0043723066
3,416,pre:tok:in,pre,pre:tok,0.0,1,-0.035475574,-0.032779332,0.0525224
3,417,pre:tok:in,pre,pre:tok,0.0,1,-0.05286538,-0.14417113,0.052462887
3,418,pre:tok:in,pre,pre:tok,0.0,1,0.0064510466,0.016215459,-0.013208728
3,419,pre:tok:in,pre,pre:tok,0.0,1,0.16025232,-0.09644755,-0.16836137
3,420,((((hyp:tok:football AND pre:tok:football) OR pre:tok:goggles) AND (NOT pre:tok:him)) AND (NOT hyp:tok:there)),((((hyp AND pre) OR pre) AND (NOT pre)) AND (NOT hyp)),((((hyp:tok AND pre:tok) OR pre:tok) AND (NOT pre:tok)) AND (NOT hyp:tok)),0.20454545454545456,7,0.0392918,0.04483035,-0.07889724
3,421,pre:tok:in,pre,pre:tok,0.0,1,-0.016919468,0.041221656,-0.03847667
3,422,pre:tok:in,pre,pre:tok,0.0,1,-0.02854383,0.010812736,-0.06331617
3,423,pre:tok:in,pre,pre:tok,0.0,1,-0.05611668,-0.105841815,0.052299373
3,424,pre:tok:in,pre,pre:tok,0.0,1,0.07565678,-0.07379268,-0.104655184
3,425,pre:tok:in,pre,pre:tok,0.0,1,0.0070390385,0.012154701,0.0061966553
3,426,pre:tok:in,pre,pre:tok,0.0,1,-0.012762922,-0.018394154,-0.071953036
3,427,pre:tok:in,pre,pre:tok,0.0,1,-0.02078671,-0.10340573,-0.0018602613
3,428,pre:tok:in,pre,pre:tok,0.0,1,-0.01941985,-0.027514078,0.028267128
3,429,pre:tok:in,pre,pre:tok,0.0,1,-0.0969026,0.047484063,-0.0069006085
3,430,pre:tok:in,pre,pre:tok,0.0,1,-0.012718891,-0.005738064,0.033842638
3,431,pre:tok:in,pre,pre:tok,0.0,1,-0.031316947,-0.0250364,-0.056253027
3,432,pre:tok:in,pre,pre:tok,0.0,1,-0.0026208411,0.027573472,-0.01647897
3,433,pre:tok:in,pre,pre:tok,0.0,1,0.035102163,0.0227082,-0.018572165
3,434,pre:tok:in,pre,pre:tok,0.0,1,-0.028897295,-0.04428026,0.019986216
3,435,pre:tok:in,pre,pre:tok,0.0,1,-0.10942073,0.08611491,-0.069778316
3,436,pre:tok:in,pre,pre:tok,0.0,1,-0.22190973,0.14968747,-0.07079359
3,437,pre:tok:in,pre,pre:tok,0.0,1,-0.0084381895,0.118401885,-0.17612731
3,438,pre:tok:in,pre,pre:tok,0.0,1,-0.076402575,0.008430357,-0.101919204
3,439,pre:tok:in,pre,pre:tok,0.0,1,-0.0063127964,-0.00450375,-0.01103471
3,440,pre:tok:in,pre,pre:tok,0.0,1,0.072139554,-0.012190605,-0.037723657
3,441,pre:tok:in,pre,pre:tok,0.0,1,-0.013248076,0.015468294,-0.011625166
3,442,pre:tok:in,pre,pre:tok,0.0,1,0.020647824,-0.09307559,-0.05520474
3,443,pre:tok:in,pre,pre:tok,0.0,1,0.011893281,-0.016482996,-0.06130726
3,444,pre:tok:in,pre,pre:tok,0.0,1,0.11191303,-0.24305548,-0.058099814
3,445,pre:tok:in,pre,pre:tok,0.0,1,-0.006643563,-0.09244592,0.0034836673
3,446,pre:tok:in,pre,pre:tok,0.0,1,0.026761068,-0.015495057,-0.047093477
3,447,pre:tok:in,pre,pre:tok,0.0,1,0.02419535,0.010940542,-0.007364323
3,448,pre:tok:in,pre,pre:tok,0.0,1,-0.11942253,0.009757703,-0.030192489
3,449,pre:tok:in,pre,pre:tok,0.0,1,0.031188317,-0.025904024,-0.10597977
3,450,pre:tok:in,pre,pre:tok,0.0,1,0.056649275,-0.17775446,-0.034917034
3,451,pre:tok:in,pre,pre:tok,0.0,1,-0.013603501,-0.018782156,0.0014957184
3,452,pre:tok:in,pre,pre:tok,0.0,1,0.009020895,0.028072769,-0.0019063964
3,453,pre:tok:in,pre,pre:tok,0.0,1,0.022045808,0.005210349,0.008979501
3,454,pre:tok:in,pre,pre:tok,0.0,1,-0.057988014,-0.08511571,0.13143665
3,455,pre:tok:in,pre,pre:tok,0.0,1,0.005280232,0.003639882,-0.009026748
3,456,pre:tok:in,pre,pre:tok,0.0,1,-0.03245286,0.010651396,-0.048031293
3,457,((((hyp:tok:there OR oth:overlap:overlap75) OR hyp:tok:holds) OR hyp:tok:outside) OR pre:tok:sky),((((hyp OR oth) OR hyp) OR hyp) OR pre),((((hyp:tok OR oth:overlap) OR hyp:tok) OR hyp:tok) OR pre:tok),0.18791500664010624,5,0.056396816,-0.07810087,-0.03950447
3,458,pre:tok:in,pre,pre:tok,0.0,1,-0.056330062,-0.03965338,0.05370778
3,459,pre:tok:in,pre,pre:tok,0.0,1,0.0003374226,-0.026376126,0.03414953
3,460,pre:tok:in,pre,pre:tok,0.0,1,-0.036803387,0.029394168,0.020457497
3,461,pre:tok:in,pre,pre:tok,0.0,1,0.022666315,-0.14272031,-0.03921308
3,462,((((hyp:tok:men AND hyp:tok:two) OR hyp:tok:toy) OR hyp:tok:beach) OR hyp:tok:instruments),((((hyp AND hyp) OR hyp) OR hyp) OR hyp),((((hyp:tok AND hyp:tok) OR hyp:tok) OR hyp:tok) OR hyp:tok),0.07465277777777778,5,0.019013287,-0.20939924,-0.04141849
3,463,(((((NOT pre:tok:is) AND hyp:tok:woman) AND (NOT hyp:tok:her)) OR hyp:tok:indoors) OR pre:tok:machine),(((((NOT pre) AND hyp) AND (NOT hyp)) OR hyp) OR pre),(((((NOT pre:tok) AND hyp:tok) AND (NOT hyp:tok)) OR hyp:tok) OR pre:tok),0.06805708013172337,7,0.057846565,-0.12064158,-0.036276642
3,464,pre:tok:in,pre,pre:tok,0.0,1,0.009399297,-0.028949145,-0.02638831
3,465,pre:tok:in,pre,pre:tok,0.0,1,-0.03195605,0.017210416,-0.037909262
3,466,((((NOT pre:tok:dog) AND (hyp:tok:dog OR hyp:tok:running)) AND (NOT pre:tok:running)) OR pre:tok:doorway),((((NOT pre) AND (hyp OR hyp)) AND (NOT pre)) OR pre),((((NOT pre:tok) AND (hyp:tok OR hyp:tok)) AND (NOT pre:tok)) OR pre:tok),0.12658227848101267,7,-0.15125899,0.1478666,-0.12025852
3,467,pre:tok:in,pre,pre:tok,0.0,1,-0.014536933,-0.042232327,-0.075999506
3,468,pre:tok:in,pre,pre:tok,0.0,1,0.012908939,0.010198088,0.018696018
3,469,pre:tok:in,pre,pre:tok,0.0,1,0.0022173251,0.01678643,-0.07188071
3,470,pre:tok:in,pre,pre:tok,0.0,1,-0.13446781,-0.079247884,-0.018142512
3,471,pre:tok:in,pre,pre:tok,0.0,1,-0.0030821406,-0.00075639616,0.008314441
3,472,pre:tok:in,pre,pre:tok,0.0,1,-0.045198657,-0.004266012,-0.030905806
3,473,((((oth:overlap:overlap50 OR pre:tok:in) OR pre:tok:and) OR hyp:tok:to) AND (NOT hyp:tok:sitting)),((((oth OR pre) OR pre) OR hyp) AND (NOT hyp)),((((oth:overlap OR pre:tok) OR pre:tok) OR hyp:tok) AND (NOT hyp:tok)),0.1905800821355236,6,0.055585116,0.023869436,-0.09992194
3,474,pre:tok:in,pre,pre:tok,0.0,1,0.013455741,-0.008225674,-0.03789388
3,475,pre:tok:in,pre,pre:tok,0.0,1,-0.013084827,-0.020380849,0.009550325
3,476,pre:tok:in,pre,pre:tok,0.0,1,-0.13841689,-0.043627508,0.085255936
3,477,pre:tok:in,pre,pre:tok,0.0,1,-0.006619559,-0.12736906,0.120316476
3,478,pre:tok:in,pre,pre:tok,0.0,1,-0.041065168,-0.037138127,0.03446826
3,479,pre:tok:in,pre,pre:tok,0.0,1,0.033353142,-0.020595908,-0.027099513
3,480,((((NOT oth:overlap:overlap75) AND (hyp:tok:outdoors OR hyp:tok:outside)) AND (NOT hyp:tok:on)) AND (NOT pre:tok:sidewalk)),((((NOT oth) AND (hyp OR hyp)) AND (NOT hyp)) AND (NOT pre)),((((NOT oth:overlap) AND (hyp:tok OR hyp:tok)) AND (NOT hyp:tok)) AND (NOT pre:tok)),0.327319587628866,8,0.14839374,-0.15873536,-0.04172933
3,481,pre:tok:in,pre,pre:tok,0.0,1,0.036039237,0.023725076,-0.007577211
3,482,pre:tok:in,pre,pre:tok,0.0,1,-0.010004879,-0.016780576,-0.03414295
3,483,((((NOT pre:tok:is) AND (hyp:tok:in AND oth:overlap:overlap75)) AND (NOT pre:tok:people)) OR hyp:tok:spinning),((((NOT pre) AND (hyp AND oth)) AND (NOT pre)) OR hyp),((((NOT pre:tok) AND (hyp:tok AND oth:overlap)) AND (NOT pre:tok)) OR hyp:tok),0.10704960835509138,7,-0.11170654,0.0760421,0.00012846234
3,484,pre:tok:in,pre,pre:tok,0.0,1,0.0032208008,-0.026272452,-0.034783877
3,485,pre:tok:in,pre,pre:tok,0.0,1,-0.165927,-0.01390271,-0.029873164
3,486,pre:tok:in,pre,pre:tok,0.0,1,-0.06685508,0.015185159,-0.032597538
3,487,pre:tok:in,pre,pre:tok,0.0,1,-0.023616906,0.08813409,-0.09008055
3,488,pre:tok:in,pre,pre:tok,0.0,1,0.003258952,0.0045695547,0.0018253267
3,489,pre:tok:in,pre,pre:tok,0.0,1,-0.045002308,-0.11603547,0.051788446
3,490,pre:tok:in,pre,pre:tok,0.0,1,0.048346765,-0.0027766584,-0.028373398
3,491,pre:tok:in,pre,pre:tok,0.0,1,0.027733833,-0.07571669,-0.055521842
3,492,pre:tok:in,pre,pre:tok,0.0,1,-0.05658046,-0.046108823,0.0100123575
3,493,pre:tok:in,pre,pre:tok,0.0,1,-0.02164233,0.013882127,-0.019545617
3,494,pre:tok:in,pre,pre:tok,0.0,1,0.064761944,-0.055719487,0.00042966197
3,495,pre:tok:in,pre,pre:tok,0.0,1,-0.087422475,0.069320835,-0.13854493
3,496,pre:tok:in,pre,pre:tok,0.0,1,0.0047143395,-0.0019455871,-0.06736127
3,497,pre:tok:in,pre,pre:tok,0.0,1,-0.08467505,-0.11403307,0.11369511
3,498,pre:tok:in,pre,pre:tok,0.0,1,0.087658234,-0.1094215,-0.18225786
3,499,pre:tok:in,pre,pre:tok,0.0,1,-0.15248372,0.034632828,0.0006467937
3,500,pre:tok:in,pre,pre:tok,0.0,1,0.029736323,-0.12779954,0.04353191
3,501,pre:tok:in,pre,pre:tok,0.0,1,-0.076601975,-0.07521012,0.08093355
3,502,(((((NOT pre:tok:street) AND hyp:tok:street) OR pre:tok:surfer) OR hyp:tok:farmer) OR hyp:tok:grocery),(((((NOT pre) AND hyp) OR pre) OR hyp) OR hyp),(((((NOT pre:tok) AND hyp:tok) OR pre:tok) OR hyp:tok) OR hyp:tok),0.08571428571428572,6,-0.12551048,-0.0768012,0.10872986
3,503,pre:tok:in,pre,pre:tok,0.0,1,-0.042291507,0.01745496,-0.012966067
3,504,pre:tok:in,pre,pre:tok,0.0,1,0.034576025,0.016167326,0.008534256
3,505,pre:tok:in,pre,pre:tok,0.0,1,0.06604929,-0.023106698,-0.043895885
3,506,pre:tok:in,pre,pre:tok,0.0,1,-0.022429608,0.047677614,-0.08417492
3,507,pre:tok:in,pre,pre:tok,0.0,1,-0.11782517,-0.12889525,0.14545804
3,508,pre:tok:in,pre,pre:tok,0.0,1,0.011873196,0.00800653,0.02184116
3,509,pre:tok:in,pre,pre:tok,0.0,1,-0.009491831,0.016301647,-0.014467513
3,510,((((hyp:tok:empty OR hyp:tok:swimming) OR hyp:tok:summer) AND (NOT oth:overlap:overlap75)) OR hyp:tok:naked),((((hyp OR hyp) OR hyp) AND (NOT oth)) OR hyp),((((hyp:tok OR hyp:tok) OR hyp:tok) AND (NOT oth:overlap)) OR hyp:tok),0.12796208530805686,6,-0.09434682,-0.16802421,0.14381582
3,511,pre:tok:in,pre,pre:tok,0.0,1,-0.04914238,-0.09754824,0.11832783
3,512,((((hyp:tok:empty OR hyp:tok:swimming) OR hyp:tok:park) AND (NOT oth:overlap:overlap50)) AND (NOT hyp:tok:at)),((((hyp OR hyp) OR hyp) AND (NOT oth)) AND (NOT hyp)),((((hyp:tok OR hyp:tok) OR hyp:tok) AND (NOT oth:overlap)) AND (NOT hyp:tok)),0.10775862068965517,7,-0.0864192,0.07523756,-0.027043765
3,513,pre:tok:in,pre,pre:tok,0.0,1,-0.0092774695,-0.01765693,-0.01545591
3,514,pre:tok:in,pre,pre:tok,0.0,1,-0.115895644,-0.09299081,0.14224182
3,515,((((hyp:tok:park OR hyp:tok:through) OR pre:tok:alone) AND (NOT pre:tok:park)) OR hyp:tok:bamboo),((((hyp OR hyp) OR pre) AND (NOT pre)) OR hyp),((((hyp:tok OR hyp:tok) OR pre:tok) AND (NOT pre:tok)) OR hyp:tok),0.07374631268436578,6,-0.082885124,-0.1821874,0.14297403
3,516,pre:tok:in,pre,pre:tok,0.0,1,-0.0449569,-0.070364624,0.09447017
3,517,pre:tok:in,pre,pre:tok,0.0,1,-0.07380437,-0.09913259,0.1425629
3,518,pre:tok:in,pre,pre:tok,0.0,1,0.06277374,-0.06254317,-0.09072579
3,519,pre:tok:in,pre,pre:tok,0.0,1,0.007186493,0.008744803,0.0122723365
3,520,pre:tok:in,pre,pre:tok,0.0,1,-0.057010077,-0.013417695,-0.038007166
3,521,pre:tok:in,pre,pre:tok,0.0,1,-0.013219853,0.041483436,0.0004046854
3,522,pre:tok:in,pre,pre:tok,0.0,1,0.0008334456,0.010096424,-0.061431244
3,523,((((NOT hyp:tok:man) AND (hyp:tok:moon OR pre:tok:gentleman)) OR pre:tok:picker) OR hyp:tok:bath),((((NOT hyp) AND (hyp OR pre)) OR pre) OR hyp),((((NOT hyp:tok) AND (hyp:tok OR pre:tok)) OR pre:tok) OR hyp:tok),0.14,6,-0.066386245,-0.04120252,0.07354756
3,524,pre:tok:in,pre,pre:tok,0.0,1,-0.087853886,-0.08596711,0.17307968
3,525,pre:tok:in,pre,pre:tok,0.0,1,-0.090198584,0.0011528685,-0.020454811
3,526,pre:tok:in,pre,pre:tok,0.0,1,-0.0010391942,-0.02001949,0.0075743324
3,527,((((hyp:tok:nobody OR hyp:tok:rollerblading) OR hyp:tok:finished) AND (NOT pre:tok:street)) AND (NOT pre:tok:head)),((((hyp OR hyp) OR hyp) AND (NOT pre)) AND (NOT pre)),((((hyp:tok OR hyp:tok) OR hyp:tok) AND (NOT pre:tok)) AND (NOT pre:tok)),0.208,7,-0.04649515,-0.15580784,0.11852039
3,528,pre:tok:in,pre,pre:tok,0.0,1,-0.14772145,-0.039922778,0.07989621
3,529,pre:tok:in,pre,pre:tok,0.0,1,-0.1580708,-0.10502007,0.030804515
3,530,pre:tok:in,pre,pre:tok,0.0,1,0.00019631817,-0.038150918,-0.023291847
3,531,pre:tok:in,pre,pre:tok,0.0,1,0.0054627894,0.013325423,0.0048430823
3,532,pre:tok:in,pre,pre:tok,0.0,1,-0.026361406,0.004992048,-0.018724289
3,533,((((NOT oth:overlap:overlap50) AND (hyp:tok:are OR hyp:tok:is)) AND (NOT hyp:tok:outside)) AND (NOT hyp:tok:there)),((((NOT oth) AND (hyp OR hyp)) AND (NOT hyp)) AND (NOT hyp)),((((NOT oth:overlap) AND (hyp:tok OR hyp:tok)) AND (NOT hyp:tok)) AND (NOT hyp:tok)),0.1586115992970123,8,-0.09556609,0.028919732,-5.1199582e-05
3,534,pre:tok:in,pre,pre:tok,0.0,1,-0.059776083,-0.12447532,0.172396
3,535,pre:tok:in,pre,pre:tok,0.0,1,-0.006117771,0.005550909,-0.011341975
